ID,Title,Description,Brand/Type,Price (NOK),URL,Image
400464660,Svensk topp kvalitet,Svensk topp kvalitet,Comfortina Seilbåt/Motorseiler,650000,https://www.finn.no/mobility/item/400464660,https://images.finncdn.no/dynamic/default/e6/e6b959a1-f585-483a-b358-b087266448fc
358040180,Nauticat 33,Nauticat 33,Nauticat Seilbåt/Motorseiler,330000,https://www.finn.no/mobility/item/358040180,https://images.finncdn.no/dynamic/default/2024/6/vertical-0/20/0/358/040/180_99de5a8a-5d37-41bc-9ab7-11f0d00729cc.jpg
467903338,Jeanneau SO40 helt seileklar,Jeanneau SO40 helt seileklar,Jeanneau Seilbåt/Motorseiler,790000,https://www.finn.no/mobility/item/467903338,https://images.finncdn.no/dynamic/default/item/467903338/818316ee-3007-4f05-a8c3-238d2cd3590d
469778358,Cayenne 42 svensk krysser,Cayenne 42 svensk krysser,Cayenne Seilbåt/Motorseiler,240000,https://www.finn.no/mobility/item/469778358,https://images.finncdn.no/dynamic/default/item/469778358/7024d84d-64f1-4a35-adf7-a2fa2ed3ac84
469782556,Bavaria 38 Cruiser selges.,Bavaria 38 Cruiser selges.,Bavaria Seilbåt/Motorseiler,900000,https://www.finn.no/mobility/item/469782556,https://images.finncdn.no/dynamic/default/item/469782556/f3cd436d-38ff-4439-927d-6d63334821e9
465639184,Hallberg-Rassy 352 Tall Rig – seilklar og priset for raskt salg,Hallberg-Rassy 352 Tall Rig – seilklar og priset for raskt salg,Hallberg Rassy Seilbåt/Motorseiler,445000,https://www.finn.no/mobility/item/465639184,https://images.finncdn.no/dynamic/default/item/465639184/fd3502cb-d20b-4b47-9007-cffefecc78e4
355362047,Sparkman & Stephens 36.,Sparkman & Stephens 36.,Andre Seilbåt/Motorseiler,325000,https://www.finn.no/mobility/item/355362047,https://images.finncdn.no/dynamic/default/2024/6/vertical-0/01/7/355/362/047_6982270f-b294-43d7-adbd-de15bcd052ce.jpg
469765108,Albin Nova 33 til salgs - Langevåg (Vestland),Albin Nova 33 til salgs - Langevåg (Vestland),Albin Seilbåt/Motorseiler,145000,https://www.finn.no/mobility/item/469765108,https://images.finncdn.no/dynamic/default/item/469765108/ace6dbaf-1c61-4f1b-82b2-3b4c4837effe
459879495,Sweden Yachts C34 selges!,Sweden Yachts C34 selges!,Sweden Yachts Seilbåt/Motorseiler,295000,https://www.finn.no/mobility/item/459879495,https://images.finncdn.no/dynamic/default/item/459879495/6197bdc3-0577-4fba-98df-30cab8275013
469708744,Wiking 34 Classic,Wiking 34 Classic,Wiking Seilbåt/Motorseiler,150000,https://www.finn.no/mobility/item/469708744,https://images.finncdn.no/dynamic/default/item/469708744/3331f4c5-95b2-41ea-9376-c479ba7e5d4d
469704194,Velholdt og velutstyrt Beneteau 343 med nyere rulleseil selges,Velholdt og velutstyrt Beneteau 343 med nyere rulleseil selges,Beneteau Seilbåt/Motorseiler,590000,https://www.finn.no/mobility/item/469704194,https://images.finncdn.no/dynamic/default/item/469704194/012155c6-2b67-4a03-9279-a08e5d1e758f
151338920,Colvic Watson  35 fot,Colvic Watson  35 fot,Andre Seilbåt/Motorseiler,200000,https://www.finn.no/mobility/item/151338920,https://images.finncdn.no/dynamic/default/item/151338920/e584c3ee-7ee9-4c03-8cd5-84f05fcd1d36
467557187,Unik mulighet – Open 40,Unik mulighet – Open 40,Andre Seilbåt/Motorseiler,499000,https://www.finn.no/mobility/item/467557187,https://images.finncdn.no/dynamic/default/item/467557187/09a6cb12-cd41-4042-81c2-0a3d1a1d5192
469626383,"3-kabiners Jeanneau Sun Odyssey 34.2, Yanmar og strak aksel","3-kabiners Jeanneau Sun Odyssey 34.2, Yanmar og strak aksel",Jeanneau Seilbåt/Motorseiler,450000,https://www.finn.no/mobility/item/469626383,https://images.finncdn.no/dynamic/default/item/469626383/0bc864c1-5083-4b6c-b983-cc361a01e9a7
462395605,Beneteau Evasion 34 – nydelig hjem og turseiler i ett!,Beneteau Evasion 34 – nydelig hjem og turseiler i ett!,Beneteau Seilbåt/Motorseiler,660000,https://www.finn.no/mobility/item/462395605,https://images.finncdn.no/dynamic/default/item/462395605/0abf2407-9ec9-4f22-b059-bdbc9f28c064
153280275,"Ombygget fiskeskøyte, Gaffelrigg, Colin Archer lignende seilskøyte","Ombygget fiskeskøyte, Gaffelrigg, Colin Archer lignende seilskøyte",Skøyte Seilbåt/Motorseiler,430000,https://www.finn.no/mobility/item/153280275,https://images.finncdn.no/dynamic/default/2019/8/vertical-4/08/l/nul/l_1028015932.jpg
469615089,Malø 50 Ketch,Malø 50 Ketch,Malö Yachts Seilbåt/Motorseiler,195000,https://www.finn.no/mobility/item/469615089,https://images.finncdn.no/dynamic/default/item/469615089/a206e1e6-720a-4f10-bbe6-b3e5f4d36a53
466671619,Bavaria 32 AC – Påkostet og velholdt – Volvo Penta D1-30 (2019) – ca. 292 timer,Bavaria 32 AC – Påkostet og velholdt – Volvo Penta D1-30 (2019) – ca. 292 timer,Bavaria Seilbåt/Motorseiler,530000,https://www.finn.no/mobility/item/466671619,https://images.finncdn.no/dynamic/default/item/466671619/163bf8ec-dcf1-401f-8cf5-4e49cf850e4c
465106198,Hanse 370 selgest  Ny pris 830000,Hanse 370 selgest  Ny pris 830000,Hanse Seilbåt/Motorseiler,830000,https://www.finn.no/mobility/item/465106198,https://images.finncdn.no/dynamic/default/item/465106198/4f8b84e3-fdeb-40af-b363-4609eccd8e43
322309869,Dufour GibSea 33,Dufour GibSea 33,Dufour Seilbåt/Motorseiler,450000,https://www.finn.no/mobility/item/322309869,https://images.finncdn.no/dynamic/default/item/322309869/42f3cef7-291d-4f35-8537-3849cc02cbe7
467609359,Ferieklar Hanse 370 - 2006mod,Ferieklar Hanse 370 - 2006mod,Hanse Seilbåt/Motorseiler,850000,https://www.finn.no/mobility/item/467609359,https://images.finncdn.no/dynamic/default/item/467609359/a3524de5-f496-4033-a25d-da5d806e9fb0
429586671,Beneteau Oceanis 361 Clipper,Beneteau Oceanis 361 Clipper,Beneteau Seilbåt/Motorseiler,590000,https://www.finn.no/mobility/item/429586671,https://images.finncdn.no/dynamic/default/item/429586671/8ef5c3b7-3eb3-4189-8e98-bf6f4909ee4a
465272774,"Strøken Bavaria 38 , klar til sommeren","Strøken Bavaria 38 , klar til sommeren",Bavaria Seilbåt/Motorseiler,739000,https://www.finn.no/mobility/item/465272774,https://images.finncdn.no/dynamic/default/item/465272774/c01c1621-cc19-4869-a27b-20623c3f7406
468306416,Puzzle 36 selges Gi bud,Puzzle 36 selges Gi bud,Andre Seilbåt/Motorseiler,250000,https://www.finn.no/mobility/item/468306416,https://images.finncdn.no/dynamic/default/item/468306416/19828b64-2ee3-405a-b228-8004e73f5973
469303028,Ansø 42 Stålskrog,Ansø 42 Stålskrog,Andre Seilbåt/Motorseiler,340000,https://www.finn.no/mobility/item/469303028,https://images.finncdn.no/dynamic/default/item/469303028/44e41b39-7364-4d69-b4fc-8c57c9b66c0a
418294463,Bavaria 39 Cruiser,Bavaria 39 Cruiser,Bavaria Seilbåt/Motorseiler,820000,https://www.finn.no/mobility/item/418294463,https://images.finncdn.no/dynamic/default/23/2330c8da-5151-4e88-8ac3-7f94884d5af9
468929173,Flott turbåt og flytende bolig  på Aker Brygge,Flott turbåt og flytende bolig  på Aker Brygge,Bavaria Seilbåt/Motorseiler,685000,https://www.finn.no/mobility/item/468929173,https://images.finncdn.no/dynamic/default/item/468929173/1f38e762-9d87-49bf-b0e5-28419dd5066a
359890143,Formosa 36 seilbåt,Formosa 36 seilbåt,Formosa Seilbåt/Motorseiler,290000,https://www.finn.no/mobility/item/359890143,https://images.finncdn.no/dynamic/default/2024/7/vertical-0/05/3/359/890/143_fe01fb5c-9180-4674-936a-b21353283291.jpg
468874240,Unik italiensk seilbåt,Unik italiensk seilbåt,Trapper Seilbåt/Motorseiler,539000,https://www.finn.no/mobility/item/468874240,https://images.finncdn.no/dynamic/default/item/468874240/74fde302-3fa8-4efa-a2e8-5acd5cef3a59
469240629,Hunter 340 – 1998 | Ny cockpitkalesje | Vårpuss 2026 gjort,Hunter 340 – 1998 | Ny cockpitkalesje | Vårpuss 2026 gjort,Hunter Seilbåt/Motorseiler,430000,https://www.finn.no/mobility/item/469240629,https://images.finncdn.no/dynamic/default/item/469240629/4641546d-8829-4990-b263-f4848fad4c54
469442380,"Nordship 35 DS, Oppgradert båt!","Nordship 35 DS, Oppgradert båt!",Nordship Seilbåt/Motorseiler,850000,https://www.finn.no/mobility/item/469442380,https://images.finncdn.no/dynamic/default/item/469442380/b43f3099-f118-42c9-bd93-74e18817ca53
464680334,X-yachts IMX-38 - NY PRIS,X-yachts IMX-38 - NY PRIS,X-Yachts Seilbåt/Motorseiler,150000,https://www.finn.no/mobility/item/464680334,https://images.finncdn.no/dynamic/default/item/464680334/0e6adab0-0970-47e3-b7fd-0e952c51891e
469422297,Skipsregistrert Bavaria seilbåt med tre kabiner,Skipsregistrert Bavaria seilbåt med tre kabiner,Bavaria Seilbåt/Motorseiler,330000,https://www.finn.no/mobility/item/469422297,https://images.finncdn.no/dynamic/default/item/469422297/511d49d0-841e-4183-9236-d30fde0a988f
356148233,Nauticat 36,Nauticat 36,Nauticat Seilbåt/Motorseiler,500000,https://www.finn.no/mobility/item/356148233,https://images.finncdn.no/dynamic/default/2024/6/vertical-0/07/3/356/148/233_eaf92f12-d6ba-4d65-99e0-836713a0382c.jpg
373777525,Kingscruiser 33,Kingscruiser 33,Andre Seilbåt/Motorseiler,180000,https://www.finn.no/mobility/item/373777525,https://images.finncdn.no/dynamic/default/item/373777525/8afa6703-7432-4176-af24-1e580dba1b33
463582826,Beneteau First 35s5 med nytt Orca/B&G system,Beneteau First 35s5 med nytt Orca/B&G system,Beneteau Seilbåt/Motorseiler,270000,https://www.finn.no/mobility/item/463582826,https://images.finncdn.no/dynamic/default/item/463582826/5279d47d-e9a8-4db7-9873-39978c852876
467317125,"35 fot seilbåt i toppstand. Lett, stor, kvikk. 1 eier, komplett. Seilklar","35 fot seilbåt i toppstand. Lett, stor, kvikk. 1 eier, komplett. Seilklar",Andre Seilbåt/Motorseiler,750000,https://www.finn.no/mobility/item/467317125,https://images.finncdn.no/dynamic/default/item/467317125/6ac32fe5-4273-44b7-a642-344bef453432
469278238,Albin Nova for salg,Albin Nova for salg,Albin Seilbåt/Motorseiler,125000,https://www.finn.no/mobility/item/469278238,https://images.finncdn.no/dynamic/default/item/469278238/e1d8c321-3227-4b32-bd07-26ed21363997
468837535,"First 40,7 til leie","First 40,7 til leie",Benneteau Seilbåt/Motorseiler,35000,https://www.finn.no/mobility/item/468837535,https://images.finncdn.no/dynamic/default/item/468837535/db5d6294-d9fc-4b83-866c-4688c7abb9c1
469221017,Seilbàt project,Seilbàt project,Långedrag Seilbåt/Motorseiler,250000,https://www.finn.no/mobility/item/469221017,https://images.finncdn.no/dynamic/default/item/469221017/58394c4a-86b0-4d7b-87d8-f737edf5d2f5
401634640,Dufour GibSea 33,Dufour GibSea 33,Dufour Seilbåt/Motorseiler,450000,https://www.finn.no/mobility/item/401634640,https://images.finncdn.no/dynamic/default/20/2017bc4e-f4fa-4860-9644-4818dc91498b
467177607,Dufour 385 Grand Large selges - visning 21.7. - kontakt: sms 92027940,Dufour 385 Grand Large selges - visning 21.7. - kontakt: sms 92027940,Dufour Seilbåt/Motorseiler,825000,https://www.finn.no/mobility/item/467177607,https://images.finncdn.no/dynamic/default/item/467177607/3bc45c74-7b6f-4f8e-a5c9-0ecd8fa77809
469164635,Bavaria 41 til salgs i Hellas (Andel),Bavaria 41 til salgs i Hellas (Andel),Bavaria Seilbåt/Motorseiler,179000,https://www.finn.no/mobility/item/469164635,https://images.finncdn.no/dynamic/default/item/469164635/a8773ea0-5318-4b47-b711-bd0f4201d667
353061279,Bavaria 36 Cruiser,Bavaria 36 Cruiser,Bavaria Seilbåt/Motorseiler,495000,https://www.finn.no/mobility/item/353061279,https://images.finncdn.no/dynamic/default/item/353061279/a045af23-26f3-4a85-a8c7-92100de72ddf
468576194,Bavaria 33 Cruiser,Bavaria 33 Cruiser,Bavaria Seilbåt/Motorseiler,680000,https://www.finn.no/mobility/item/468576194,https://images.finncdn.no/dynamic/default/item/468576194/06b34b1b-99b5-4276-ab45-cc16f6d26eab
469085847,Finngulf 39 - en av Norges mest meriterte seilbåter,Finngulf 39 - en av Norges mest meriterte seilbåter,Finngulf Seilbåt/Motorseiler,645000,https://www.finn.no/mobility/item/469085847,https://images.finncdn.no/dynamic/default/item/469085847/1e91e1c7-0941-42a4-8684-7c1df3e5757a
465804284,Unik motorseiler søker ny eier,Unik motorseiler søker ny eier,Andre Seilbåt/Motorseiler,700000,https://www.finn.no/mobility/item/465804284,https://images.finncdn.no/dynamic/default/item/465804284/7388778b-1760-4ef7-bd73-e85ed6f25276
464244773,Godt vedlikeholdt seilbåt - Ferieklar,Godt vedlikeholdt seilbåt - Ferieklar,Bavaria Seilbåt/Motorseiler,430000,https://www.finn.no/mobility/item/464244773,https://images.finncdn.no/dynamic/default/item/464244773/ee3d8ca3-9616-4ee0-b624-945a42f7f289
468896862,Beneteau Oceanis 393,Beneteau Oceanis 393,Beneteau Seilbåt/Motorseiler,650000,https://www.finn.no/mobility/item/468896862,https://images.finncdn.no/dynamic/default/item/468896862/7fc86a21-cffc-4d41-a166-1e7f1078becc
462734765,Bavaria 36 AC,Bavaria 36 AC,Bavaria Seilbåt/Motorseiler,620000,https://www.finn.no/mobility/item/462734765,https://images.finncdn.no/dynamic/default/item/462734765/e5c492bc-4848-4030-9742-2d44d2815a8d
468860735,Hanse 341 - Nydelig hjem og turseiler i ett|2020 Yanmar|Fastplass Marineholmen,Hanse 341 - Nydelig hjem og turseiler i ett|2020 Yanmar|Fastplass Marineholmen,Hanse Seilbåt/Motorseiler,539000,https://www.finn.no/mobility/item/468860735,https://images.finncdn.no/dynamic/default/item/468860735/0ead0137-5956-4f51-8f1a-ee57f43664e4
458744255,"Klassisk regattabåt med sjel – rask, velholdt og klar for nye eiere, inkl henger","Klassisk regattabåt med sjel – rask, velholdt og klar for nye eiere, inkl henger",Andre Seilbåt/Motorseiler,45000,https://www.finn.no/mobility/item/458744255,https://images.finncdn.no/dynamic/default/item/458744255/3f77755a-495b-4efd-80d8-e1758c4c31b1
468831078,Bavaria 37 – Svært godt utstyrt familiecruiser – Mye båt for pengene!,Bavaria 37 – Svært godt utstyrt familiecruiser – Mye båt for pengene!,Bavaria Seilbåt/Motorseiler,635000,https://www.finn.no/mobility/item/468831078,https://images.finncdn.no/dynamic/default/item/468831078/35f06179-518c-46b4-ab82-69aa25e32a8e
460344624,"Bavaria 36, Redusert pris","Bavaria 36, Redusert pris",Bavaria Seilbåt/Motorseiler,410000,https://www.finn.no/mobility/item/460344624,https://images.finncdn.no/dynamic/default/item/460344624/672495ab-4b99-4a8c-8b53-25a30543ab9f
461403659,Bavaria 34 AC. Romslig og velutstyrt turseiler,Bavaria 34 AC. Romslig og velutstyrt turseiler,Bavaria Seilbåt/Motorseiler,375000,https://www.finn.no/mobility/item/461403659,https://images.finncdn.no/dynamic/default/item/461403659/17cafb18-3ac3-45dc-967e-07f117a4d035
468692897,Finngulf 33,Finngulf 33,Finngulf Seilbåt/Motorseiler,963000,https://www.finn.no/mobility/item/468692897,https://images.finncdn.no/dynamic/default/item/468692897/3f82d4d5-ee9a-4436-9c8f-44afceae608e
468593557,MS 33 – Meget velholdt | Ny motor | Nytt teakdekk | Fullt oppgradert,MS 33 – Meget velholdt | Ny motor | Nytt teakdekk | Fullt oppgradert,Fjord Seilbåt/Motorseiler,360000,https://www.finn.no/mobility/item/468593557,https://images.finncdn.no/dynamic/default/item/468593557/fb067911-a6dd-4723-b52a-ea5d96c05836
466683961,Jeanneau Sun Odyssey 40,Jeanneau Sun Odyssey 40,Jeanneau Seilbåt/Motorseiler,649000,https://www.finn.no/mobility/item/466683961,https://images.finncdn.no/dynamic/default/item/466683961/2c2b347f-c7bd-4cda-a122-d5a6ee6255b3
468114409,Seilbåt til salgs i Kroatia,Seilbåt til salgs i Kroatia,Gib'Sea Seilbåt/Motorseiler,320000,https://www.finn.no/mobility/item/468114409,https://images.finncdn.no/dynamic/default/item/468114409/33656648-ba98-4862-8650-545dcfa2493d
468487957,Unikt prosjekt av høy kvalitet med mange muligheter,Unikt prosjekt av høy kvalitet med mange muligheter,Colin Archer Seilbåt/Motorseiler,500000,https://www.finn.no/mobility/item/468487957,https://images.finncdn.no/dynamic/default/item/468487957/11c4f48c-ca86-4eb4-88c5-36dad714b627
468499866,Sun Odyssey 37 - svært velutstyrt og nydelig holdt!,Sun Odyssey 37 - svært velutstyrt og nydelig holdt!,Jeanneau Seilbåt/Motorseiler,749000,https://www.finn.no/mobility/item/468499866,https://images.finncdn.no/dynamic/default/item/468499866/87b08d7c-89d7-4d33-8a4b-33f0ec6cffd1
468499471,Hunter 36 Legend - Romslig og fin familieseiler!,Hunter 36 Legend - Romslig og fin familieseiler!,Hunter Seilbåt/Motorseiler,690000,https://www.finn.no/mobility/item/468499471,https://images.finncdn.no/dynamic/default/item/468499471/235ae86b-bdf1-49a0-9fa7-49959fd0e67d
276176954,"Omega 34 – Svensk klassiker, nylig motorservice og bunnstoff (juni 2026)","Omega 34 – Svensk klassiker, nylig motorservice og bunnstoff (juni 2026)",Omega Seilbåt/Motorseiler,120000,https://www.finn.no/mobility/item/276176954,https://images.finncdn.no/dynamic/default/item/276176954/bb37ed3a-8a56-4122-829b-21117cc1c394
468364160,Magic 41 KETCH-Klassisk lang turseiler med stort potensial,Magic 41 KETCH-Klassisk lang turseiler med stort potensial,Andre Seilbåt/Motorseiler,349000,https://www.finn.no/mobility/item/468364160,https://images.finncdn.no/dynamic/default/item/468364160/606f5b6e-3cf3-4090-b8a5-656b6ff1dfed
468343292,Klassisk langkjølt seilbåt / motorseiler – Eivind Amble-konstruksjon,Klassisk langkjølt seilbåt / motorseiler – Eivind Amble-konstruksjon,MS Boat Seilbåt/Motorseiler,140000,https://www.finn.no/mobility/item/468343292,https://images.finncdn.no/dynamic/default/item/468343292/055e2ed8-033c-4045-b166-092534db3589
468336595,Bavaria 42 C 2004 mod,Bavaria 42 C 2004 mod,Bavaria Seilbåt/Motorseiler,830000,https://www.finn.no/mobility/item/468336595,https://images.finncdn.no/dynamic/default/item/468336595/e5e24a57-d33f-4aad-a378-1f110cc95e5c
466154161,Klassiker vedlikeholdt av fagfolk og oppbevart i oppvarmet hall om vinteren,Klassiker vedlikeholdt av fagfolk og oppbevart i oppvarmet hall om vinteren,Nauticat Seilbåt/Motorseiler,475000,https://www.finn.no/mobility/item/466154161,https://images.finncdn.no/dynamic/default/item/466154161/a2d923c8-0d5f-4a9d-974d-c5f284004d34
468207333,Finnsailer 35       1973 modell,Finnsailer 35       1973 modell,Finnsailer Seilbåt/Motorseiler,65000,https://www.finn.no/mobility/item/468207333,https://images.finncdn.no/dynamic/default/item/468207333/f759b692-c03c-4a51-a7e2-4862362548d5
468196325,Dufour 38 Classic - en eier og svært velholdt!,Dufour 38 Classic - en eier og svært velholdt!,Dufour Seilbåt/Motorseiler,795000,https://www.finn.no/mobility/item/468196325,https://images.finncdn.no/dynamic/default/item/468196325/e8ed26f9-0e86-4c5a-b6d6-474e8cc95e3c
468125968,Ønsker du å seile i Middelhavet eller bare ha en hytte på sjøen i Spania,Ønsker du å seile i Middelhavet eller bare ha en hytte på sjøen i Spania,Beneteau Seilbåt/Motorseiler,750000,https://www.finn.no/mobility/item/468125968,https://images.finncdn.no/dynamic/default/item/468125968/9df38eb1-5fa0-4d6e-98f9-b5ba018368e3
466969117,Jeanneau Sun Odyssey 35,Jeanneau Sun Odyssey 35,Jeanneau Seilbåt/Motorseiler,690000,https://www.finn.no/mobility/item/466969117,https://images.finncdn.no/dynamic/default/item/466969117/5e57262d-fb68-4046-ad86-cca48f16ac86
465767521,Lettseilt turbåt,Lettseilt turbåt,Bavaria Seilbåt/Motorseiler,390000,https://www.finn.no/mobility/item/465767521,https://images.finncdn.no/dynamic/default/item/465767521/1c871374-8918-4137-9659-f483b1a59cbc
468009465,"Bavaria 38 AC – Ferie klar, velholdt, 3 lugarer, ny drevbelg 2024 og MYE utstyr","Bavaria 38 AC – Ferie klar, velholdt, 3 lugarer, ny drevbelg 2024 og MYE utstyr",Bavaria Seilbåt/Motorseiler,790000,https://www.finn.no/mobility/item/468009465,https://images.finncdn.no/dynamic/default/item/468009465/202407a1-d6ce-441f-9bbf-6898835af092
467997379,Velholdt en eiers Hanse 355,Velholdt en eiers Hanse 355,Hanse Seilbåt/Motorseiler,850000,https://www.finn.no/mobility/item/467997379,https://images.finncdn.no/dynamic/default/item/467997379/04ec1fb3-323b-4fad-8bb2-396a223f6f70
362591671,Hunter 33 2008 mod,Hunter 33 2008 mod,Hunter Seilbåt/Motorseiler,540000,https://www.finn.no/mobility/item/362591671,https://images.finncdn.no/dynamic/default/2024/7/vertical-0/25/1/362/591/671_2b8b80ba-3d0d-4872-9a03-d198a7c3e514.jpg
465464074,Bavaria Cruiser AC 34,Bavaria Cruiser AC 34,Bavaria Seilbåt/Motorseiler,425000,https://www.finn.no/mobility/item/465464074,https://images.finncdn.no/dynamic/default/item/465464074/509f4b04-f734-4044-b1a7-2d560425da38
213222220,Godt utstyrt Bavaria 38,Godt utstyrt Bavaria 38,Bavaria Seilbåt/Motorseiler,870000,https://www.finn.no/mobility/item/213222220,https://images.finncdn.no/dynamic/default/2021/3/vertical-0/31/0/213/222/220_1861692213.jpg
467830283,Velutstyrt Granada Regina 33 (Ny motor i 2019),Velutstyrt Granada Regina 33 (Ny motor i 2019),Granada Seilbåt/Motorseiler,270000,https://www.finn.no/mobility/item/467830283,https://images.finncdn.no/dynamic/default/item/467830283/1712b3ea-9c11-4f93-a191-3982a60f71f8
413596683,"NY PRIS - Colin Archer 42 fot - ny stormast, vant og forstag 2026","NY PRIS - Colin Archer 42 fot - ny stormast, vant og forstag 2026",Colin Archer Seilbåt/Motorseiler,600000,https://www.finn.no/mobility/item/413596683,https://images.finncdn.no/dynamic/default/cd/cd11c879-2913-4363-a43a-f5e6c9a776b6
465570736,Bavaria 34 AC 2001,Bavaria 34 AC 2001,Bavaria Seilbåt/Motorseiler,425000,https://www.finn.no/mobility/item/465570736,https://images.finncdn.no/dynamic/default/item/465570736/7311226d-795b-4bd9-aa5a-b7fc03ae5366
461904482,"I Hellas, Bavaria 40, Norskregistrert","I Hellas, Bavaria 40, Norskregistrert",Bavaria Seilbåt/Motorseiler,750000,https://www.finn.no/mobility/item/461904482,https://images.finncdn.no/dynamic/default/item/461904482/56044de4-6880-4d15-a947-e0bdc3b1ce04
466047599,"Nydelig Delphia 33.3, én eier og meget velholdt.","Nydelig Delphia 33.3, én eier og meget velholdt.",Delphia Seilbåt/Motorseiler,830000,https://www.finn.no/mobility/item/466047599,https://images.finncdn.no/dynamic/default/item/466047599/f8b25d9a-73ef-489b-9aa0-60b95773b5ca
438976395,Omega 34,Omega 34,Omega Seilbåt/Motorseiler,160000,https://www.finn.no/mobility/item/438976395,https://images.finncdn.no/dynamic/default/item/438976395/81bec7ed-7e89-4b2f-ad01-29b61f9c3ab6
467438664,Nauticat 33,Nauticat 33,Nauticat Seilbåt/Motorseiler,375000,https://www.finn.no/mobility/item/467438664,https://images.finncdn.no/dynamic/default/item/467438664/7f474658-d549-4169-a17e-9de3b48c81f5
464778623,Bavaria 39 cruiser med mye oppgraderinger,Bavaria 39 cruiser med mye oppgraderinger,Bavaria Seilbåt/Motorseiler,850000,https://www.finn.no/mobility/item/464778623,https://images.finncdn.no/dynamic/default/item/464778623/eec201c0-2f52-4447-abd9-96169d29cde0
467362599,Vindø 45 (34 fot) – 1982 – velkjent klassiker med omfattende oppgraderinger,Vindø 45 (34 fot) – 1982 – velkjent klassiker med omfattende oppgraderinger,Vindö Seilbåt/Motorseiler,500000,https://www.finn.no/mobility/item/467362599,https://images.finncdn.no/dynamic/default/item/467362599/3bf2e636-0762-4213-b81e-37fcce1d4be3
465151649,SY REVEN,SY REVEN,Andre Seilbåt/Motorseiler,300000,https://www.finn.no/mobility/item/465151649,https://images.finncdn.no/dynamic/default/item/465151649/fe515e7f-cdd0-457d-9977-78b2f2ebba3d
466715627,Maxi 999,Maxi 999,Maxi Seilbåt/Motorseiler,235000,https://www.finn.no/mobility/item/466715627,https://images.finncdn.no/dynamic/default/item/466715627/1b95ccab-76f0-47d2-923d-024948c8b58a
467304817,Jeanneau Sun Odyssey 35,Jeanneau Sun Odyssey 35,Jeanneau Seilbåt/Motorseiler,695000,https://www.finn.no/mobility/item/467304817,https://images.finncdn.no/dynamic/default/item/467304817/c162d963-919c-4c97-a236-e4dbce0f2440
412980777,Svært vakker Colin Archer vurderes solgt,Svært vakker Colin Archer vurderes solgt,Colin Archer Seilbåt/Motorseiler,650000,https://www.finn.no/mobility/item/412980777,https://images.finncdn.no/dynamic/default/ba/bafe540b-6310-42ae-9b8b-9013f2353c29
23470374,Opplev Hanse 350 før kjøp,Opplev Hanse 350 før kjøp,Hanse Seilbåt/Motorseiler,349000,https://www.finn.no/mobility/item/23470374,https://images.finncdn.no/dynamic/default/item/23470374/67a8a9af-bc10-4768-93b8-93cd2087a51c
463977425,"STABUKK, Selges som den er på Azorene eller ved Gibraltarstredet","STABUKK, Selges som den er på Azorene eller ved Gibraltarstredet",Hero Seilbåt/Motorseiler,349000,https://www.finn.no/mobility/item/463977425,https://images.finncdn.no/dynamic/default/item/463977425/7da6ce56-1b6b-4be8-86dc-2af1b5ec9e76
467167238,Racer / Cruiser / Langtursbåt i Middelhavet. Oppgradert og godt vedlikeholdt,Racer / Cruiser / Langtursbåt i Middelhavet. Oppgradert og godt vedlikeholdt,Pogo Seilbåt/Motorseiler,935000,https://www.finn.no/mobility/item/467167238,https://images.finncdn.no/dynamic/default/item/467167238/96bb6169-163b-45b0-93ac-276e32fd1ceb
466340038,"*RESERVERT* Dufour gibsee 37, 2002 mod, 29hk","*RESERVERT* Dufour gibsee 37, 2002 mod, 29hk",Dufour Seilbåt/Motorseiler,520000,https://www.finn.no/mobility/item/466340038,https://images.finncdn.no/dynamic/default/item/466340038/44277ef1-52c1-49a1-9eb1-4c257745f07d
466697194,Nydelig Bavaria 37 Cruiser med ny motor,Nydelig Bavaria 37 Cruiser med ny motor,Bavaria Seilbåt/Motorseiler,790000,https://www.finn.no/mobility/item/466697194,https://images.finncdn.no/dynamic/default/item/466697194/614aff9c-778f-403f-b7c0-5007b1cc51e0
464850659,Bavaria 36,Bavaria 36,Bavaria Seilbåt/Motorseiler,560000,https://www.finn.no/mobility/item/464850659,https://images.finncdn.no/dynamic/default/item/464850659/966e3f32-1401-43fb-9a07-65e2c7e83566
398404866,"Motorseiler,robust familibåt,hytte på sjøen.","Motorseiler,robust familibåt,hytte på sjøen.",Beneteau Seilbåt/Motorseiler,250000,https://www.finn.no/mobility/item/398404866,https://images.finncdn.no/dynamic/default/f9/f9c3cbcb-2c86-490f-9233-78be02b93c6c
459597476,Colin archer skøyte,Colin archer skøyte,Colin Archer Seilbåt/Motorseiler,100000,https://www.finn.no/mobility/item/459597476,https://images.finncdn.no/dynamic/default/item/459597476/e613ac78-e880-4d00-b037-eed5b5af4b1e
421679046,"Bud Mottatt! Moody 42 mkII Dekkshus Nye bilder+video! (3 lugarer,2 bad)","Bud Mottatt! Moody 42 mkII Dekkshus Nye bilder+video! (3 lugarer,2 bad)",Moody Seilbåt/Motorseiler,750000,https://www.finn.no/mobility/item/421679046,https://images.finncdn.no/dynamic/default/item/421679046/46943bf7-e51e-45ee-9c2b-f143f702c341
428396706,Marieholm- Fortissimo 33,Marieholm- Fortissimo 33,Marieholm Seilbåt/Motorseiler,95000,https://www.finn.no/mobility/item/428396706,https://images.finncdn.no/dynamic/default/item/428396706/8ed1e051-ad4f-41de-ad65-233499661bde
466807438,Cobelens (Kobelenz) 40 Ketch - Langkjøl - GI BUD!,Cobelens (Kobelenz) 40 Ketch - Langkjøl - GI BUD!,Andre Seilbåt/Motorseiler,290000,https://www.finn.no/mobility/item/466807438,https://images.finncdn.no/dynamic/default/item/466807438/363998b1-6fef-4f7c-987a-b0d635509307
461537658,Fjord 33 MS,Fjord 33 MS,Fjord Seilbåt/Motorseiler,300000,https://www.finn.no/mobility/item/461537658,https://images.finncdn.no/dynamic/default/item/461537658/aad188af-7b18-4491-be3e-d1c21926652d
464154694,"Seilbåt 33 fot,","Seilbåt 33 fot,",Andre Seilbåt/Motorseiler,65000,https://www.finn.no/mobility/item/464154694,https://images.finncdn.no/dynamic/default/item/464154694/3fce6910-837b-44cc-80ba-76bd2caee4b5
466651294,Hallberg Rassy  382 // Kvalitets båt med nyere Yanmar motor!,Hallberg Rassy  382 // Kvalitets båt med nyere Yanmar motor!,Hallberg Rassy Seilbåt/Motorseiler,910000,https://www.finn.no/mobility/item/466651294,https://images.finncdn.no/dynamic/default/item/466651294/059f8414-58d2-4fa2-9b26-bad26c2a7072
464111013,Jeanneau Sun Odyssey 42.2 4-lugars versjon selges seilklar,Jeanneau Sun Odyssey 42.2 4-lugars versjon selges seilklar,Jeanneau Seilbåt/Motorseiler,850000,https://www.finn.no/mobility/item/464111013,https://images.finncdn.no/dynamic/default/item/464111013/bed80151-e9b9-49ce-9cb5-54a8dc9dfac1
288198884,Meget pen Bavaria 37 AC,Meget pen Bavaria 37 AC,Bavaria Seilbåt/Motorseiler,639000,https://www.finn.no/mobility/item/288198884,https://images.finncdn.no/dynamic/default/2023/1/vertical-0/19/4/288/198/884_2000498057.jpg
465760512,Bavaria 35 Match regattacruiser. Volvo Penta D1 fra 2022. Nytt drev + autopilot,Bavaria 35 Match regattacruiser. Volvo Penta D1 fra 2022. Nytt drev + autopilot,Bavaria Seilbåt/Motorseiler,499000,https://www.finn.no/mobility/item/465760512,https://images.finncdn.no/dynamic/default/item/465760512/95155443-d13f-4393-9c9e-cca535bd917d
458846216,Jeanneau Sun Fizz 40 – Ferieklar 40-foter med nyere motor og baugthruster,Jeanneau Sun Fizz 40 – Ferieklar 40-foter med nyere motor og baugthruster,Jeanneau Seilbåt/Motorseiler,419000,https://www.finn.no/mobility/item/458846216,https://images.finncdn.no/dynamic/default/item/458846216/818d8195-9ad9-41fb-a17d-45bc1d230c1a
466259261,Sweden Yachts 36,Sweden Yachts 36,Sweden Yachts Seilbåt/Motorseiler,530000,https://www.finn.no/mobility/item/466259261,https://images.finncdn.no/dynamic/default/item/466259261/3ef78ee6-8b0a-4f41-aa44-19a61d6989bd
462619473,Hero 114 nydelig turseiler med nesten ny motor. Volvo D2 55hk.,Hero 114 nydelig turseiler med nesten ny motor. Volvo D2 55hk.,Hero Seilbåt/Motorseiler,349000,https://www.finn.no/mobility/item/462619473,https://images.finncdn.no/dynamic/default/item/462619473/a769c3c2-6e57-42b1-984b-b941bb26a8bc
87809938,Omega 36 (NOR 7557) Velseilende Vurderes solgt,Omega 36 (NOR 7557) Velseilende Vurderes solgt,Omega Seilbåt/Motorseiler,370000,https://www.finn.no/mobility/item/87809938,https://images.finncdn.no/dynamic/default/2016/12/vertical-4/17/8/878/099/38_1782847110.jpg
465595752,Hunter 380 - Meget velholdt og oppgradert kvalitetsbåt,Hunter 380 - Meget velholdt og oppgradert kvalitetsbåt,Hunter Seilbåt/Motorseiler,629000,https://www.finn.no/mobility/item/465595752,https://images.finncdn.no/dynamic/default/item/465595752/1ec1a3ab-5a77-4903-ab7c-98658a4c6822
465176950,Dufour 385GL – finans - thruster - full kalesje,Dufour 385GL – finans - thruster - full kalesje,Dufour Seilbåt/Motorseiler,749000,https://www.finn.no/mobility/item/465176950,https://images.finncdn.no/dynamic/default/item/465176950/e5e1c168-e7c1-43b5-8bee-f509024cc6c6
465176793,LEV LIVET I MIDDELHAVET: Beneteau Oceanis Clipper 411 - Kan selges uten moms!,LEV LIVET I MIDDELHAVET: Beneteau Oceanis Clipper 411 - Kan selges uten moms!,Beneteau Seilbåt/Motorseiler,625000,https://www.finn.no/mobility/item/465176793,https://images.finncdn.no/dynamic/default/item/465176793/ee7efbf9-d18b-4fe8-8ebd-2883ec2a4033
406416483,Hanse 371 - selges nypolert og klar for seilas,Hanse 371 - selges nypolert og klar for seilas,Hanse Seilbåt/Motorseiler,640000,https://www.finn.no/mobility/item/406416483,https://images.finncdn.no/dynamic/default/item/406416483/e8dfdf7c-d7bc-4bde-8cdb-111aba358342
462033532,"Långedrag 401, langtursbåt i stål","Långedrag 401, langtursbåt i stål",Långedrag Seilbåt/Motorseiler,550000,https://www.finn.no/mobility/item/462033532,https://images.finncdn.no/dynamic/default/item/462033532/fc17ef17-b731-452c-91e0-c055396430e8
464476265,"Scanmar 33, 1984, 28hk motor fra 2006, solid båt, selges","Scanmar 33, 1984, 28hk motor fra 2006, solid båt, selges",Scanmar Seilbåt/Motorseiler,250000,https://www.finn.no/mobility/item/464476265,https://images.finncdn.no/dynamic/default/item/464476265/9c7e9548-9865-4c63-a438-478c2726b5ec
464394862,Hallberg-Rassy 352 – tidløs kvalitetsseiler med omfattende oppgraderinger,Hallberg-Rassy 352 – tidløs kvalitetsseiler med omfattende oppgraderinger,Hallberg Rassy Seilbåt/Motorseiler,890000,https://www.finn.no/mobility/item/464394862,https://images.finncdn.no/dynamic/default/item/464394862/7914d3aa-4615-4112-a3d8-71ff94f184e4
464382778,"Bavaria 36, 2003","Bavaria 36, 2003",Bavaria Seilbåt/Motorseiler,495000,https://www.finn.no/mobility/item/464382778,https://images.finncdn.no/dynamic/default/item/464382778/7b54b312-9fa9-42c7-a351-32b3934c5271
413398257,Maxi Mixer Cruiser 35 – Ny motor/seildrev 2023 Velholdt klassiker!,Maxi Mixer Cruiser 35 – Ny motor/seildrev 2023 Velholdt klassiker!,Maxi Seilbåt/Motorseiler,329000,https://www.finn.no/mobility/item/413398257,https://images.finncdn.no/dynamic/default/a9/a931aefb-2971-4095-b62f-92d49afd4942
416330159,"Bavaria 36 2004 – familieeid siden ny, nye seil 2023/2024 - Ny pris","Bavaria 36 2004 – familieeid siden ny, nye seil 2023/2024 - Ny pris",Bavaria Seilbåt/Motorseiler,550000,https://www.finn.no/mobility/item/416330159,https://images.finncdn.no/dynamic/default/22/2266ae46-53df-4e87-abee-7f546dd7f551
457009423,Van de Stadt Norman 40 — Steel Centreboard Project,Van de Stadt Norman 40 — Steel Centreboard Project,Andre Seilbåt/Motorseiler,160000,https://www.finn.no/mobility/item/457009423,https://images.finncdn.no/dynamic/default/item/457009423/6766af2b-3463-4bea-b02b-170b26b971f0
461377905,Sirena 38,Sirena 38,Sirena Seilbåt/Motorseiler,255000,https://www.finn.no/mobility/item/461377905,https://images.finncdn.no/dynamic/default/item/461377905/882e9841-c21c-4b5a-98e7-c319bb3e098c
461379744,Maxi 108 i Karibia,Maxi 108 i Karibia,Maxi Seilbåt/Motorseiler,110000,https://www.finn.no/mobility/item/461379744,https://images.finncdn.no/dynamic/default/item/461379744/025e6865-2c4f-4fa1-b26a-8850ed3656c9
430848221,Velholdt Bavaria Cruiser 37 - Kan leveres!,Velholdt Bavaria Cruiser 37 - Kan leveres!,Bavaria Seilbåt/Motorseiler,650000,https://www.finn.no/mobility/item/430848221,https://images.finncdn.no/dynamic/default/item/430848221/8fa0f7d4-e58d-4464-bc60-0b9a7206c6df
460955414,X-99 årgang 1994 selges - NY PRIS,X-99 årgang 1994 selges - NY PRIS,X-Yachts Seilbåt/Motorseiler,199900,https://www.finn.no/mobility/item/460955414,https://images.finncdn.no/dynamic/default/item/460955414/749addb2-5e88-436a-b779-348bfc35c886
463459595,Oppgradert: Dehler 36 JV - Nyere motor - Nyere seil - GI BUD!,Oppgradert: Dehler 36 JV - Nyere motor - Nyere seil - GI BUD!,Dehler Seilbåt/Motorseiler,890000,https://www.finn.no/mobility/item/463459595,https://images.finncdn.no/dynamic/default/item/463459595/bd44c656-0cfd-4d1d-bfcd-b0cdff9bfb71
455416644,Motorseiler. 35 fot .,Motorseiler. 35 fot .,Andre Seilbåt/Motorseiler,175000,https://www.finn.no/mobility/item/455416644,https://images.finncdn.no/dynamic/default/item/455416644/f4dd141e-7a1c-4a7d-883c-4a08b2de9256
461621633,Dufour 385 GL - pen familieseiler - prisreduksjon,Dufour 385 GL - pen familieseiler - prisreduksjon,Dufour Seilbåt/Motorseiler,849000,https://www.finn.no/mobility/item/461621633,https://images.finncdn.no/dynamic/default/item/461621633/8b57d83d-116e-45fc-98f4-2338b7a92066
434260694,"Beneteau Oceanis 331, 2002, md2030, aksling og foldepropell","Beneteau Oceanis 331, 2002, md2030, aksling og foldepropell",Beneteau Seilbåt/Motorseiler,580000,https://www.finn.no/mobility/item/434260694,https://images.finncdn.no/dynamic/default/item/434260694/27263f28-9213-416c-8a13-94426b825cca
458133784,Bavaria 36 AC - nyere seil - ny pris!,Bavaria 36 AC - nyere seil - ny pris!,Bavaria Seilbåt/Motorseiler,575000,https://www.finn.no/mobility/item/458133784,https://images.finncdn.no/dynamic/default/item/458133784/a181f5fc-dc31-41d1-8005-05041ebbcf4d
458030888,Contrast 33 med elektrisk motor og hydrogenerering fra propell.,Contrast 33 med elektrisk motor og hydrogenerering fra propell.,Contrast Seilbåt/Motorseiler,349000,https://www.finn.no/mobility/item/458030888,https://images.finncdn.no/dynamic/default/item/458030888/4cc7d16f-0584-47b9-ac05-2e424587043e
